#,Date-Time (PST),Ch: 1 - Temperature   (°C ),Ch: 2 - RH   (%),Dew Point   (°C ),Host Connected,End of File
1,02/24/2023 08:26:26,22.39,58.521,13.88,,
2,02/24/2023 08:36:26,25.79,52.271,15.29,,
3,02/24/2023 08:46:26,26.70,50.220,15.50,,
4,02/24/2023 08:56:26,27.09,49.536,15.65,,
5,02/24/2023 09:06:26,27.33,49.414,15.83,,
6,02/24/2023 09:16:26,27.46,49.365,15.93,,
7,02/24/2023 09:26:26,27.55,49.463,16.05,,
8,02/24/2023 09:36:26,27.63,49.585,16.16,,
9,02/24/2023 09:46:26,27.70,49.731,16.27,,
10,02/24/2023 09:56:26,27.78,49.854,16.38,,
11,02/24/2023 10:06:26,27.85,50.000,16.49,,
12,02/24/2023 10:16:26,27.90,49.609,16.41,,
13,02/24/2023 10:26:26,27.92,49.805,16.49,,
14,02/24/2023 10:36:26,27.85,49.902,16.46,,
15,02/24/2023 10:46:26,27.90,50.122,16.57,,
16,02/24/2023 10:56:26,27.90,50.415,16.67,,
17,02/24/2023 11:06:26,27.80,50.879,16.72,,
18,02/24/2023 11:16:26,27.70,51.367,16.78,,
19,02/24/2023 11:26:26,27.60,51.782,16.81,,
20,02/24/2023 11:36:26,27.53,52.222,16.88,,
21,02/24/2023 11:46:26,27.46,52.612,16.93,,
22,02/24/2023 11:56:26,27.38,52.979,16.97,,
23,02/24/2023 12:06:26,27.33,53.369,17.04,,
24,02/24/2023 12:16:26,27.26,53.711,17.08,,
25,02/24/2023 12:26:26,27.21,53.979,17.11,,
26,02/24/2023 12:36:26,27.16,54.321,17.16,,
27,02/24/2023 12:46:26,27.11,54.639,17.21,,
28,02/24/2023 12:56:26,27.06,54.907,17.24,,
29,02/24/2023 13:06:26,27.01,55.176,17.27,,
30,02/24/2023 13:16:26,26.96,55.469,17.31,,
31,02/24/2023 13:26:26,26.94,55.737,17.37,,
32,02/24/2023 13:36:26,26.89,56.006,17.40,,
33,02/24/2023 13:46:26,26.84,56.226,17.41,,
34,02/24/2023 13:56:26,26.79,56.421,17.42,,
35,02/24/2023 14:06:26,26.77,56.665,17.47,,
36,02/24/2023 14:16:26,26.74,56.885,17.50,,
37,02/24/2023 14:26:26,26.70,57.104,17.53,,
38,02/24/2023 14:36:26,26.67,57.300,17.55,,
39,02/24/2023 14:46:26,26.62,57.520,17.57,,
40,02/24/2023 14:56:26,26.60,56.641,17.30,,
41,02/24/2023 15:06:26,26.55,56.934,17.34,,
42,02/24/2023 15:16:26,26.52,57.153,17.37,,
43,02/24/2023 15:26:26,26.43,53.223,16.16,,
44,02/24/2023 15:36:26,26.38,53.784,16.28,,
45,02/24/2023 15:46:26,26.33,54.248,16.37,,
46,02/24/2023 15:56:26,26.30,54.614,16.45,,
47,02/24/2023 16:06:26,26.30,54.980,16.55,,
48,02/24/2023 16:16:26,26.28,55.273,16.62,,
49,02/24/2023 16:26:26,26.26,55.566,16.68,,
50,02/24/2023 16:36:26,26.23,55.835,16.73,,
51,02/24/2023 16:46:26,26.21,56.079,16.78,,
52,02/24/2023 16:56:26,26.18,56.299,16.82,,
53,02/24/2023 17:06:26,26.18,56.543,16.88,,
54,02/24/2023 17:16:26,26.16,56.812,16.94,,
55,02/24/2023 17:26:26,26.13,57.007,16.97,,
56,02/24/2023 17:36:26,26.11,57.202,17.00,,
57,02/24/2023 17:46:26,26.11,57.397,17.06,,
58,02/24/2023 17:56:26,26.08,57.568,17.08,,
59,02/24/2023 18:06:26,26.06,57.715,17.10,,
60,02/24/2023 18:16:26,26.04,57.910,17.13,,
61,02/24/2023 18:26:26,26.04,58.081,17.18,,
62,02/24/2023 18:36:26,26.01,58.252,17.20,,
63,02/24/2023 18:46:26,25.99,58.423,17.22,,
64,02/24/2023 18:56:26,25.99,58.569,17.26,,
65,02/24/2023 19:06:26,25.96,58.716,17.28,,
66,02/24/2023 19:16:26,25.94,58.862,17.30,,
67,02/24/2023 19:26:26,25.94,59.009,17.34,,
68,02/24/2023 19:36:26,25.91,59.131,17.34,,
69,02/24/2023 19:46:26,25.89,59.277,17.36,,
70,02/24/2023 19:56:26,25.89,59.375,17.39,,
71,02/24/2023 20:06:26,25.87,59.497,17.40,,
72,02/24/2023 20:16:26,25.84,59.595,17.40,,
73,02/24/2023 20:26:26,25.84,59.692,17.42,,
74,02/24/2023 20:36:26,25.82,59.839,17.44,,
75,02/24/2023 20:46:26,25.82,59.937,17.47,,
76,02/24/2023 20:56:26,25.79,60.034,17.47,,
77,02/24/2023 21:06:26,25.79,60.132,17.49,,
78,02/24/2023 21:16:26,25.77,60.229,17.50,,
79,02/24/2023 21:26:26,25.74,60.327,17.50,,
80,02/24/2023 21:36:26,25.72,60.425,17.51,,
81,02/24/2023 21:46:26,25.72,60.522,17.53,,
82,02/24/2023 21:56:26,25.70,60.571,17.52,,
83,02/24/2023 22:06:26,25.70,60.669,17.55,,
84,02/24/2023 22:16:26,25.67,60.742,17.54,,
85,02/24/2023 22:26:26,25.65,60.840,17.55,,
86,02/24/2023 22:36:26,25.65,60.938,17.57,,
87,02/24/2023 22:46:26,25.62,60.986,17.56,,
88,02/24/2023 22:56:26,25.60,61.060,17.56,,
89,02/24/2023 23:06:26,25.60,61.133,17.58,,
90,02/24/2023 23:16:26,25.57,61.230,17.57,,
91,02/24/2023 23:26:26,25.57,61.304,17.59,,
92,02/24/2023 23:36:26,25.55,61.353,17.59,,
93,02/24/2023 23:46:26,25.55,61.426,17.61,,
94,02/24/2023 23:56:26,25.53,61.475,17.60,,
95,02/25/2023 00:06:26,25.53,61.548,17.62,,
96,02/25/2023 00:16:26,25.50,61.597,17.60,,
97,02/25/2023 00:26:26,25.48,61.670,17.60,,
98,02/25/2023 00:36:26,25.48,61.743,17.62,,
99,02/25/2023 00:46:26,25.45,61.816,17.61,,
100,02/25/2023 00:56:26,25.45,61.914,17.64,,
101,02/25/2023 01:06:26,25.43,61.938,17.62,,
102,02/25/2023 01:16:26,25.40,61.987,17.61,,
103,02/25/2023 01:26:26,25.40,62.061,17.63,,
104,02/25/2023 01:36:26,25.40,62.134,17.65,,
105,02/25/2023 01:46:26,25.38,62.183,17.64,,
106,02/25/2023 01:56:26,25.38,62.231,17.65,,
107,02/25/2023 02:06:26,25.36,62.305,17.65,,
108,02/25/2023 02:16:26,25.33,62.305,17.62,,
109,02/25/2023 02:26:26,25.33,62.378,17.64,,
110,02/25/2023 02:36:26,25.31,62.402,17.63,,
111,02/25/2023 02:46:26,25.31,62.476,17.65,,
112,02/25/2023 02:56:26,25.28,62.549,17.64,,
113,02/25/2023 03:06:26,25.28,62.622,17.66,,
114,02/25/2023 03:16:26,25.26,62.646,17.64,,
115,02/25/2023 03:26:26,25.26,62.671,17.65,,
116,02/25/2023 03:36:26,25.23,62.744,17.64,,
117,02/25/2023 03:46:26,25.23,62.793,17.65,,
118,02/25/2023 03:56:26,25.21,62.817,17.64,,
119,02/25/2023 04:06:26,25.19,62.866,17.63,,
120,02/25/2023 04:16:26,25.19,62.939,17.65,,
121,02/25/2023 04:26:26,25.19,62.964,17.66,,
122,02/25/2023 04:36:26,25.16,63.013,17.64,,
123,02/25/2023 04:46:26,25.16,63.062,17.66,,
124,02/25/2023 04:56:26,25.14,63.110,17.65,,
125,02/25/2023 05:06:26,25.11,63.159,17.63,,
126,02/25/2023 05:16:26,25.11,63.208,17.64,,
127,02/25/2023 05:26:26,25.09,63.232,17.63,,
128,02/25/2023 05:36:26,25.09,63.281,17.64,,
129,02/25/2023 05:46:26,25.09,63.330,17.66,,
130,02/25/2023 05:56:26,25.06,63.403,17.65,,
131,02/25/2023 06:06:26,25.06,63.403,17.65,,
132,02/25/2023 06:16:26,25.04,63.452,17.64,,
133,02/25/2023 06:26:26,25.04,63.501,17.65,,
134,02/25/2023 06:36:26,25.02,63.550,17.65,,
135,02/25/2023 06:46:26,25.02,63.574,17.65,,
136,02/25/2023 06:56:26,24.99,63.647,17.64,,
137,02/25/2023 07:06:26,24.99,63.672,17.65,,
138,02/25/2023 07:16:26,24.97,63.696,17.63,,
139,02/25/2023 07:26:26,24.94,63.696,17.61,,
140,02/25/2023 07:36:26,24.94,63.770,17.62,,
141,02/25/2023 07:46:26,24.94,63.794,17.63,,
142,02/25/2023 07:56:26,24.92,63.843,17.62,,
143,02/25/2023 08:06:26,24.92,63.818,17.62,,
144,02/25/2023 08:16:26,24.92,63.892,17.64,,
145,02/25/2023 08:26:26,24.90,63.940,17.63,,
146,02/25/2023 08:36:26,24.90,63.940,17.63,,
147,02/25/2023 08:46:26,24.87,64.014,17.62,,
148,02/25/2023 08:56:26,24.87,64.014,17.62,,
149,02/25/2023 09:06:26,24.85,64.038,17.61,,
150,02/25/2023 09:16:26,24.85,64.063,17.61,,
151,02/25/2023 09:26:26,24.85,64.136,17.63,,
152,02/25/2023 09:36:26,24.82,64.160,17.61,,
153,02/25/2023 09:46:26,24.82,64.209,17.62,,
154,02/25/2023 09:56:26,24.80,64.233,17.61,,
155,02/25/2023 10:06:26,24.80,64.258,17.61,,
156,02/25/2023 10:16:26,24.80,64.307,17.63,,
157,02/25/2023 10:26:26,24.77,64.331,17.60,,
158,02/25/2023 10:36:26,24.77,64.380,17.61,,
159,02/25/2023 10:46:26,24.77,64.380,17.61,,
160,02/25/2023 10:56:26,24.75,64.453,17.61,,
161,02/25/2023 11:06:26,24.75,64.526,17.63,,
162,02/25/2023 11:16:26,24.75,64.551,17.64,,
163,02/25/2023 11:26:26,24.73,64.600,17.63,,
164,02/25/2023 11:36:26,24.73,64.624,17.64,,
165,02/25/2023 11:46:26,24.73,64.648,17.64,,
166,02/25/2023 11:56:26,24.70,64.722,17.63,,
167,02/25/2023 12:06:26,24.70,64.771,17.64,,
168,02/25/2023 12:16:26,24.70,64.771,17.64,,
169,02/25/2023 12:26:26,24.70,64.771,17.64,,
170,02/25/2023 12:36:26,24.68,64.819,17.64,,
171,02/25/2023 12:46:26,24.68,64.868,17.65,,
172,02/25/2023 12:56:26,24.68,64.917,17.66,,
173,02/25/2023 13:06:26,24.68,64.941,17.67,,
174,02/25/2023 13:16:26,24.68,64.941,17.67,,
175,02/25/2023 13:26:26,24.68,65.015,17.69,,
176,02/25/2023 13:36:26,24.65,65.039,17.66,,
177,02/25/2023 13:46:26,24.65,65.088,17.67,,
178,02/25/2023 13:56:26,24.65,65.112,17.68,,
179,02/25/2023 14:06:26,24.63,65.088,17.66,,
180,02/25/2023 14:16:26,24.63,65.186,17.68,,
181,02/25/2023 14:26:26,24.63,65.186,17.68,,
182,02/25/2023 14:36:26,24.63,65.234,17.69,,
183,02/25/2023 14:46:26,24.63,65.259,17.70,,
184,02/25/2023 14:56:26,24.63,65.259,17.70,,
185,02/25/2023 15:06:26,24.63,65.308,17.71,,
186,02/25/2023 15:16:26,24.63,65.332,17.72,,
187,02/25/2023 15:26:26,24.63,65.356,17.72,,
188,02/25/2023 15:36:26,24.60,65.405,17.70,,
189,02/25/2023 15:46:26,24.63,65.356,17.72,,
190,02/25/2023 15:56:26,24.60,65.356,17.69,,
191,02/25/2023 16:06:26,24.60,65.356,17.69,,
192,02/25/2023 16:16:26,24.60,65.356,17.69,,
193,02/25/2023 16:26:26,24.60,65.332,17.69,,
194,02/25/2023 16:36:26,24.60,65.332,17.69,,
195,02/25/2023 16:46:26,24.60,65.308,17.68,,
196,02/25/2023 16:56:26,24.60,65.308,17.68,,
197,02/25/2023 17:06:26,24.60,65.308,17.68,,
198,02/25/2023 17:16:26,24.60,65.259,17.67,,
199,02/25/2023 17:26:26,24.60,65.259,17.67,,
200,02/25/2023 17:36:26,24.60,65.234,17.66,,
201,02/25/2023 17:46:26,24.60,65.234,17.66,,
202,02/25/2023 17:56:26,24.60,65.210,17.66,,
203,02/25/2023 18:06:26,24.60,65.210,17.66,,
204,02/25/2023 18:16:26,24.60,65.161,17.65,,
205,02/25/2023 18:26:26,24.60,65.137,17.64,,
206,02/25/2023 18:36:26,24.60,65.088,17.63,,
207,02/25/2023 18:46:26,24.60,65.088,17.63,,
208,02/25/2023 18:56:26,24.60,65.088,17.63,,
209,02/25/2023 19:06:26,24.60,65.063,17.62,,
210,02/25/2023 19:16:26,24.60,65.039,17.62,,
211,02/25/2023 19:26:26,24.58,64.990,17.58,,
212,02/25/2023 19:36:26,24.60,64.990,17.60,,
213,02/25/2023 19:46:26,24.60,64.966,17.60,,
214,02/25/2023 19:56:26,24.60,64.966,17.60,,
215,02/25/2023 20:06:26,24.58,64.917,17.57,,
216,02/25/2023 20:16:26,24.58,64.917,17.57,,
217,02/25/2023 20:26:26,24.58,64.893,17.56,,
218,02/25/2023 20:36:26,24.58,64.868,17.55,,
219,02/25/2023 20:46:26,24.58,64.868,17.55,,
220,02/25/2023 20:56:26,24.58,64.819,17.54,,
221,02/25/2023 21:06:26,24.58,64.819,17.54,,
222,02/25/2023 21:16:26,24.58,64.795,17.54,,
223,02/25/2023 21:26:26,24.58,64.771,17.53,,
224,02/25/2023 21:36:26,24.58,64.771,17.53,,
225,02/25/2023 21:46:26,24.58,64.722,17.52,,
226,02/25/2023 21:56:26,24.58,64.697,17.51,,
227,02/25/2023 22:06:26,24.56,64.697,17.49,,
228,02/25/2023 22:16:26,24.56,64.648,17.48,,
229,02/25/2023 22:26:26,24.56,64.648,17.48,,
230,02/25/2023 22:36:26,24.56,64.624,17.48,,
231,02/25/2023 22:46:26,24.56,64.575,17.46,,
232,02/25/2023 22:56:26,24.56,64.575,17.46,,
233,02/25/2023 23:06:26,24.56,64.551,17.46,,
234,02/25/2023 23:16:26,24.53,64.551,17.43,,
235,02/25/2023 23:26:26,24.53,64.502,17.42,,
236,02/25/2023 23:36:26,24.53,64.502,17.42,,
237,02/25/2023 23:46:26,24.53,64.478,17.41,,
238,02/25/2023 23:56:26,24.53,64.429,17.40,,
239,02/26/2023 00:06:26,24.53,64.429,17.40,,
240,02/26/2023 00:16:26,24.51,64.404,17.37,,
241,02/26/2023 00:26:26,24.51,64.404,17.37,,
242,02/26/2023 00:36:26,24.51,64.404,17.37,,
243,02/26/2023 00:46:26,24.51,64.380,17.37,,
244,02/26/2023 00:56:26,24.48,64.380,17.34,,
245,02/26/2023 01:06:26,24.48,64.355,17.33,,
246,02/26/2023 01:16:26,24.48,64.331,17.33,,
247,02/26/2023 01:26:26,24.48,64.331,17.33,,
248,02/26/2023 01:36:26,24.48,64.282,17.32,,
249,02/26/2023 01:46:26,24.46,64.331,17.31,,
250,02/26/2023 01:56:26,24.46,64.282,17.30,,
251,02/26/2023 02:06:26,24.46,64.282,17.30,,
252,02/26/2023 02:16:26,24.46,64.258,17.29,,
253,02/26/2023 02:26:26,24.44,64.282,17.28,,
254,02/26/2023 02:36:26,24.44,64.282,17.28,,
255,02/26/2023 02:46:26,24.44,64.282,17.28,,
256,02/26/2023 02:56:26,24.44,64.258,17.27,,
257,02/26/2023 03:06:26,24.44,64.258,17.27,,
258,02/26/2023 03:16:26,24.41,64.258,17.24,,
259,02/26/2023 03:26:26,24.41,64.258,17.24,,
260,02/26/2023 03:36:26,24.41,64.307,17.26,,
261,02/26/2023 03:46:26,24.41,64.258,17.24,,
262,02/26/2023 03:56:26,24.39,64.307,17.24,,
263,02/26/2023 04:06:26,24.39,64.258,17.22,,
264,02/26/2023 04:16:26,24.39,64.307,17.24,,
265,02/26/2023 04:26:26,24.39,64.307,17.24,,
266,02/26/2023 04:36:26,24.39,64.307,17.24,,
267,02/26/2023 04:46:26,24.36,64.307,17.21,,
268,02/26/2023 04:56:26,24.36,64.307,17.21,,
269,02/26/2023 05:06:26,24.36,64.258,17.20,,
270,02/26/2023 05:16:26,24.36,64.258,17.20,,
271,02/26/2023 05:26:26,24.34,64.307,17.19,,
272,02/26/2023 05:36:26,24.34,64.258,17.18,,
273,02/26/2023 05:46:26,24.34,64.258,17.18,,
274,02/26/2023 05:56:26,24.34,64.258,17.18,,
275,02/26/2023 06:06:26,24.32,64.258,17.16,,
276,02/26/2023 06:16:26,24.32,64.209,17.15,,
277,02/26/2023 06:26:26,24.32,64.258,17.16,,
278,02/26/2023 06:36:26,24.32,64.258,17.16,,
279,02/26/2023 06:46:26,24.32,64.258,17.16,,
280,02/26/2023 06:56:26,24.29,64.258,17.13,,
281,02/26/2023 07:06:26,24.29,64.282,17.14,,
282,02/26/2023 07:16:26,24.29,64.282,17.14,,
283,02/26/2023 07:26:26,24.29,64.331,17.15,,
284,02/26/2023 07:36:26,24.29,64.282,17.14,,
285,02/26/2023 07:46:26,24.29,64.331,17.15,,
286,02/26/2023 07:56:26,24.27,64.331,17.13,,
287,02/26/2023 08:06:26,24.27,64.331,17.13,,
288,02/26/2023 08:16:26,24.27,64.380,17.14,,
289,02/26/2023 08:26:26,24.27,64.404,17.15,,
290,02/26/2023 08:36:26,24.27,64.404,17.15,,
291,02/26/2023 08:46:26,24.27,64.478,17.17,,
292,02/26/2023 08:56:26,24.24,64.502,17.14,,
293,02/26/2023 09:06:26,24.24,64.502,17.14,,
294,02/26/2023 09:16:26,24.24,64.575,17.16,,
295,02/26/2023 09:26:26,24.24,64.600,17.17,,
296,02/26/2023 09:36:26,24.24,64.600,17.17,,
297,02/26/2023 09:46:26,24.24,64.648,17.18,,
298,02/26/2023 09:56:26,24.24,64.673,17.18,,
299,02/26/2023 10:06:26,24.24,64.697,17.19,,
300,02/26/2023 10:16:26,24.24,64.697,17.19,,
301,02/26/2023 10:26:26,24.24,64.746,17.20,,
302,02/26/2023 10:36:26,24.24,64.771,17.21,,
303,02/26/2023 10:46:26,24.24,64.771,17.21,,
304,02/26/2023 10:56:26,24.22,64.771,17.19,,
305,02/26/2023 11:06:26,24.24,64.771,17.21,,
306,02/26/2023 11:16:26,24.24,64.771,17.21,,
307,02/26/2023 11:26:26,24.24,64.819,17.22,,
308,02/26/2023 11:36:26,24.24,64.819,17.22,,
309,02/26/2023 11:46:26,24.24,64.819,17.22,,
310,02/26/2023 11:56:26,24.24,64.819,17.22,,
311,02/26/2023 12:06:26,24.24,64.819,17.22,,
312,02/26/2023 12:16:26,24.24,64.819,17.22,,
313,02/26/2023 12:26:26,24.24,64.819,17.22,,
314,02/26/2023 12:36:26,24.27,64.819,17.25,,
315,02/26/2023 12:46:26,24.27,64.771,17.24,,
316,02/26/2023 12:56:26,24.27,64.771,17.24,,
317,02/26/2023 13:06:26,24.27,64.795,17.24,,
318,02/26/2023 13:16:26,24.27,64.746,17.23,,
319,02/26/2023 13:26:26,24.29,64.722,17.24,,
320,02/26/2023 13:36:26,24.29,64.697,17.24,,
321,02/26/2023 13:46:26,24.29,64.722,17.24,,
322,02/26/2023 13:56:26,24.29,64.697,17.24,,
323,02/26/2023 14:06:26,24.29,64.697,17.24,,
324,02/26/2023 14:16:26,24.32,64.648,17.25,,
325,02/26/2023 14:26:26,24.32,64.648,17.25,,
326,02/26/2023 14:36:26,24.32,64.624,17.25,,
327,02/26/2023 14:46:26,24.32,64.624,17.25,,
328,02/26/2023 14:56:26,24.32,64.624,17.25,,
329,02/26/2023 15:06:26,24.34,64.600,17.26,,
330,02/26/2023 15:16:26,24.32,64.600,17.24,,
331,02/26/2023 15:26:26,24.34,64.600,17.26,,
332,02/26/2023 15:36:26,24.34,64.551,17.25,,
333,02/26/2023 15:46:26,24.34,64.551,17.25,,
334,02/26/2023 15:56:26,24.34,64.526,17.24,,
335,02/26/2023 16:06:26,24.36,64.478,17.25,,
336,02/26/2023 16:16:26,24.36,64.478,17.25,,
337,02/26/2023 16:26:26,24.36,64.478,17.25,,
338,02/26/2023 16:36:26,24.36,64.429,17.24,,
339,02/26/2023 16:46:26,24.36,64.429,17.24,,
340,02/26/2023 16:56:26,24.39,64.404,17.26,,
341,02/26/2023 17:06:26,24.39,64.429,17.27,,
342,02/26/2023 17:16:26,24.39,64.404,17.26,,
343,02/26/2023 17:26:26,24.39,64.404,17.26,,
344,02/26/2023 17:36:26,24.39,64.380,17.25,,
345,02/26/2023 17:46:26,24.41,64.380,17.27,,
346,02/26/2023 17:56:26,24.41,64.380,17.27,,
347,02/26/2023 18:06:26,24.41,64.429,17.29,,
348,02/26/2023 18:16:26,24.41,64.429,17.29,,
349,02/26/2023 18:26:26,24.41,64.380,17.27,,
350,02/26/2023 18:36:26,24.44,64.355,17.30,,
351,02/26/2023 18:46:26,24.44,64.380,17.30,,
352,02/26/2023 18:56:26,24.44,64.355,17.30,,
353,02/26/2023 19:06:26,24.44,64.355,17.30,,
354,02/26/2023 19:16:26,24.44,64.355,17.30,,
355,02/26/2023 19:26:26,24.44,64.355,17.30,,
356,02/26/2023 19:36:26,24.46,64.355,17.32,,
357,02/26/2023 19:46:26,24.46,64.355,17.32,,
358,02/26/2023 19:56:26,24.46,64.380,17.32,,
359,02/26/2023 20:06:26,24.46,64.355,17.32,,
360,02/26/2023 20:16:26,24.46,64.355,17.32,,
361,02/26/2023 20:26:26,24.48,64.331,17.33,,
362,02/26/2023 20:36:26,24.48,64.355,17.33,,
363,02/26/2023 20:46:26,24.48,64.331,17.33,,
364,02/26/2023 20:56:26,24.48,64.331,17.33,,
365,02/26/2023 21:06:26,24.48,64.331,17.33,,
366,02/26/2023 21:16:26,24.48,64.331,17.33,,
367,02/26/2023 21:26:26,24.48,64.331,17.33,,
368,02/26/2023 21:36:26,24.48,64.331,17.33,,
369,02/26/2023 21:46:26,24.51,64.331,17.36,,
370,02/26/2023 21:56:26,24.51,64.331,17.36,,
371,02/26/2023 22:06:26,24.51,64.331,17.36,,
372,02/26/2023 22:16:26,24.51,64.307,17.35,,
373,02/26/2023 22:26:26,24.51,64.307,17.35,,
374,02/26/2023 22:36:26,24.51,64.307,17.35,,
375,02/26/2023 22:46:26,24.51,64.307,17.35,,
376,02/26/2023 22:56:26,24.51,64.258,17.34,,
377,02/26/2023 23:06:26,24.53,64.307,17.37,,
378,02/26/2023 23:16:26,24.51,64.307,17.35,,
379,02/26/2023 23:26:26,24.53,64.258,17.36,,
380,02/26/2023 23:36:26,24.53,64.307,17.37,,
381,02/26/2023 23:46:26,24.53,64.307,17.37,,
382,02/26/2023 23:56:26,24.53,64.331,17.38,,
383,02/27/2023 00:06:26,24.53,64.331,17.38,,
384,02/27/2023 00:16:26,24.53,64.380,17.39,,
385,02/27/2023 00:26:26,24.53,64.380,17.39,,
386,02/27/2023 00:36:26,24.53,64.404,17.39,,
387,02/27/2023 00:46:26,24.53,64.429,17.40,,
388,02/27/2023 00:56:26,24.53,64.429,17.40,,
389,02/27/2023 01:06:26,24.53,64.429,17.40,,
390,02/27/2023 01:16:26,24.53,64.478,17.41,,
391,02/27/2023 01:26:26,24.53,64.478,17.41,,
392,02/27/2023 01:36:26,24.53,64.502,17.42,,
393,02/27/2023 01:46:26,24.53,64.551,17.43,,
394,02/27/2023 01:56:26,24.53,64.551,17.43,,
395,02/27/2023 02:06:26,24.53,64.551,17.43,,
396,02/27/2023 02:16:26,24.53,64.575,17.44,,
397,02/27/2023 02:26:26,24.53,64.551,17.43,,
398,02/27/2023 02:36:26,24.56,64.575,17.46,,
399,02/27/2023 02:46:26,24.53,64.575,17.44,,
400,02/27/2023 02:56:26,24.56,64.575,17.46,,
401,02/27/2023 03:06:26,24.56,64.551,17.46,,
402,02/27/2023 03:16:26,24.53,64.600,17.44,,
403,02/27/2023 03:26:26,24.53,64.575,17.44,,
404,02/27/2023 03:36:26,24.53,64.600,17.44,,
405,02/27/2023 03:46:26,24.53,64.575,17.44,,
406,02/27/2023 03:56:26,24.53,64.600,17.44,,
407,02/27/2023 04:06:26,24.53,64.600,17.44,,
408,02/27/2023 04:16:26,24.53,64.600,17.44,,
409,02/27/2023 04:26:26,24.53,64.648,17.45,,
410,02/27/2023 04:36:26,24.53,64.648,17.45,,
411,02/27/2023 04:46:26,24.53,64.648,17.45,,
412,02/27/2023 04:56:26,24.53,64.648,17.45,,
413,02/27/2023 05:06:26,24.53,64.648,17.45,,
414,02/27/2023 05:16:26,24.53,64.648,17.45,,
415,02/27/2023 05:26:26,24.53,64.673,17.46,,
416,02/27/2023 05:36:26,24.53,64.673,17.46,,
417,02/27/2023 05:46:26,24.53,64.673,17.46,,
418,02/27/2023 05:56:26,24.53,64.673,17.46,,
419,02/27/2023 06:06:26,24.53,64.673,17.46,,
420,02/27/2023 06:16:26,24.53,64.673,17.46,,
421,02/27/2023 06:26:26,24.51,63.257,17.09,,
422,02/27/2023 06:36:26,24.51,63.403,17.13,,
423,02/27/2023 06:46:26,24.51,63.525,17.16,,
424,02/27/2023 06:56:26,24.51,63.599,17.18,,
425,02/27/2023 07:06:26,24.51,63.672,17.19,,
426,02/27/2023 07:16:26,24.51,63.770,17.22,,
427,02/27/2023 07:26:26,24.51,63.794,17.22,,
428,02/27/2023 07:36:26,24.51,63.867,17.24,,
429,02/27/2023 07:46:26,24.51,63.892,17.25,,
430,02/27/2023 07:56:26,24.51,63.965,17.27,,
431,02/27/2023 08:06:26,24.51,64.038,17.28,,
432,02/27/2023 08:16:26,24.51,64.063,17.29,,
433,02/27/2023 08:26:26,24.48,61.914,16.72,,
434,02/27/2023 08:36:26,24.48,62.158,16.78,,
435,02/27/2023 08:46:26,24.48,62.402,16.85,,
436,02/27/2023 08:56:26,24.48,62.524,16.88,,
437,02/27/2023 09:06:26,24.48,62.695,16.92,,
438,02/27/2023 09:16:26,24.48,62.769,16.94,,
439,02/27/2023 09:26:26,24.48,62.866,16.96,,
440,02/27/2023 09:36:26,24.48,62.964,16.99,,
441,02/27/2023 09:46:26,24.32,52.783,14.08,,
442,02/27/2023 09:56:26,24.29,53.955,14.40,,
443,02/27/2023 10:06:26,24.29,54.810,14.64,,
444,02/27/2023 10:16:26,24.32,55.396,14.83,,
445,02/27/2023 10:26:26,24.27,50.513,13.36,,
446,02/27/2023 10:36:26,24.46,50.757,13.61,,
447,02/27/2023 10:46:26,24.51,50.488,13.57,,
448,02/27/2023 10:56:26,24.51,51.245,13.80,,
449,02/27/2023 11:06:26,24.51,51.880,13.99,,
450,02/27/2023 11:16:26,24.48,52.393,14.12,,
451,02/27/2023 11:26:26,24.48,52.808,14.24,,
452,02/27/2023 11:36:26,24.48,53.174,14.35,,
453,02/27/2023 11:46:26,24.48,53.540,14.45,,
454,02/27/2023 11:56:26,24.48,53.857,14.54,,
455,02/27/2023 12:06:26,24.48,54.150,14.63,,
456,02/27/2023 12:16:26,24.48,54.395,14.70,,
457,02/27/2023 12:26:26,24.41,49.683,13.23,,
458,02/27/2023 12:36:26,24.41,50.391,13.45,,
459,02/27/2023 12:46:26,24.39,49.878,13.28,,
460,02/27/2023 12:56:26,24.39,50.488,13.46,,
461,02/27/2023 13:06:26,24.39,50.977,13.61,,
462,02/27/2023 13:16:26,24.39,51.416,13.74,,
463,02/27/2023 13:26:26,24.39,51.782,13.85,,
464,02/27/2023 13:36:26,24.41,52.148,13.98,,
465,02/27/2023 13:46:26,24.41,52.466,14.07,,
466,02/27/2023 13:56:26,24.41,52.783,14.17,,
467,02/27/2023 14:06:26,24.41,53.052,14.25,,
468,02/27/2023 14:16:26,24.41,53.320,14.32,,
469,02/27/2023 14:26:26,24.41,52.734,14.15,,
470,02/27/2023 14:36:26,24.44,51.587,13.84,,
471,02/27/2023 14:46:26,24.44,52.026,13.97,,
472,02/27/2023 14:56:26,24.44,52.393,14.08,,
473,02/27/2023 15:06:26,24.44,52.710,14.17,,
474,02/27/2023 15:16:26,24.44,53.003,14.26,,
475,02/27/2023 15:26:26,24.44,53.247,14.33,,
476,02/27/2023 15:36:26,24.46,53.491,14.42,,
477,02/27/2023 15:46:26,24.44,53.711,14.46,,
478,02/27/2023 15:56:26,24.46,53.955,14.55,,
479,02/27/2023 16:06:26,24.46,54.150,14.61,,
480,02/27/2023 16:16:26,24.46,54.370,14.67,,
481,02/27/2023 16:26:26,24.46,54.541,14.72,,
482,02/27/2023 16:36:26,24.46,54.736,14.78,,
483,02/27/2023 16:46:26,24.46,54.932,14.83,,
484,02/27/2023 16:56:26,24.46,55.103,14.88,,
485,02/27/2023 17:06:26,24.46,55.298,14.93,,
486,02/27/2023 17:16:26,24.46,55.469,14.98,,
487,02/27/2023 17:26:26,24.46,55.640,15.03,,
488,02/27/2023 17:36:26,24.48,55.811,15.10,,
489,02/27/2023 17:46:26,24.46,55.981,15.13,,
490,02/27/2023 17:56:26,24.48,56.152,15.19,,
491,02/27/2023 18:06:26,24.48,56.250,15.22,,
492,02/27/2023 18:16:26,24.48,56.396,15.26,,
493,02/27/2023 18:26:26,24.48,56.543,15.30,,
494,02/27/2023 18:36:26,24.48,56.665,15.33,,
495,02/27/2023 18:46:26,24.48,56.836,15.38,,
496,02/27/2023 18:56:26,24.48,56.934,15.41,,
497,02/27/2023 19:06:26,24.48,57.080,15.45,,
498,02/27/2023 19:16:26,24.51,57.202,15.51,,
499,02/27/2023 19:26:26,24.51,57.349,15.55,,
500,02/27/2023 19:36:26,24.51,57.446,15.58,,
501,02/27/2023 19:46:26,24.51,57.544,15.60,,
502,02/27/2023 19:56:26,24.51,57.690,15.64,,
503,02/27/2023 20:06:26,24.51,57.788,15.67,,
504,02/27/2023 20:16:26,24.51,57.886,15.69,,
505,02/27/2023 20:26:26,24.53,57.983,15.74,,
506,02/27/2023 20:36:26,24.53,58.081,15.77,,
507,02/27/2023 20:46:26,24.53,58.154,15.79,,
508,02/27/2023 20:56:26,24.53,58.252,15.81,,
509,02/27/2023 21:06:26,24.53,58.350,15.84,,
510,02/27/2023 21:16:26,24.53,58.472,15.87,,
511,02/27/2023 21:26:26,24.53,58.521,15.88,,
512,02/27/2023 21:36:26,24.53,58.594,15.90,,
513,02/27/2023 21:46:26,24.53,58.667,15.92,,
514,02/27/2023 21:56:26,24.53,58.740,15.94,,
515,02/27/2023 22:06:26,24.53,58.813,15.96,,
516,02/27/2023 22:16:26,24.53,58.862,15.98,,
517,02/27/2023 22:26:26,24.53,58.911,15.99,,
518,02/27/2023 22:36:26,24.53,58.960,16.00,,
519,02/27/2023 22:46:26,24.53,59.033,16.02,,
520,02/27/2023 22:56:26,24.53,59.082,16.03,,
521,02/27/2023 23:06:26,24.53,59.131,16.05,,
522,02/27/2023 23:16:26,24.53,59.131,16.05,,
523,02/27/2023 23:26:26,24.53,59.204,16.07,,
524,02/27/2023 23:36:26,24.53,59.229,16.07,,
525,02/27/2023 23:46:26,24.51,59.277,16.07,,
526,02/27/2023 23:56:26,24.51,59.302,16.07,,
527,02/28/2023 00:06:26,24.51,59.375,16.09,,
528,02/28/2023 00:16:26,24.51,59.399,16.10,,
529,02/28/2023 00:26:26,24.51,59.448,16.11,,
530,02/28/2023 00:36:26,24.51,59.473,16.12,,
531,02/28/2023 00:46:26,24.51,59.497,16.12,,
532,02/28/2023 00:56:26,24.51,59.497,16.12,,
533,02/28/2023 01:06:26,24.48,59.546,16.11,,
534,02/28/2023 01:16:26,24.48,59.570,16.12,,
535,02/28/2023 01:26:26,24.48,59.570,16.12,,
536,02/28/2023 01:36:26,24.48,59.595,16.12,,
537,02/28/2023 01:46:26,24.48,59.668,16.14,,
538,02/28/2023 01:56:26,24.48,59.668,16.14,,
539,02/28/2023 02:06:26,24.46,59.692,16.13,,
540,02/28/2023 02:16:26,24.46,59.766,16.15,,
541,02/28/2023 02:26:26,24.46,59.766,16.15,,
542,02/28/2023 02:36:26,24.46,59.790,16.15,,
543,02/28/2023 02:46:26,24.44,59.839,16.15,,
544,02/28/2023 02:56:26,24.44,59.863,16.16,,
545,02/28/2023 03:06:26,24.44,59.888,16.16,,
546,02/28/2023 03:16:26,24.44,59.961,16.18,,
547,02/28/2023 03:26:26,24.44,59.961,16.18,,
548,02/28/2023 03:36:26,24.41,60.034,16.17,,
549,02/28/2023 03:46:26,24.41,60.059,16.18,,
550,02/28/2023 03:56:26,24.41,60.083,16.18,,
551,02/28/2023 04:06:26,24.41,60.132,16.20,,
552,02/28/2023 04:16:26,24.41,60.156,16.20,,
553,02/28/2023 04:26:26,24.41,60.205,16.22,,
554,02/28/2023 04:36:26,24.39,60.229,16.20,,
555,02/28/2023 04:46:26,24.39,60.254,16.21,,
556,02/28/2023 04:56:26,24.39,60.278,16.22,,
557,02/28/2023 05:06:26,24.39,60.327,16.23,,
558,02/28/2023 05:16:26,24.39,60.376,16.24,,
559,02/28/2023 05:26:26,24.36,60.376,16.21,,
560,02/28/2023 05:36:26,24.36,60.425,16.23,,
561,02/28/2023 05:46:26,24.36,60.498,16.25,,
562,02/28/2023 05:56:26,24.36,60.498,16.25,,
563,02/28/2023 06:06:26,24.44,60.376,16.29,,
564,02/28/2023 06:16:26,24.60,60.010,16.34,,
565,02/28/2023 06:26:26,24.77,59.570,16.39,,
566,02/28/2023 06:36:26,24.92,59.204,16.43,,
567,02/28/2023 06:46:26,25.06,58.862,16.47,,
568,02/28/2023 06:56:26,25.21,58.521,16.52,,
569,02/28/2023 07:06:26,25.33,58.252,16.56,,
570,02/28/2023 07:16:26,25.43,55.957,16.02,,
571,02/28/2023 07:26:26,25.53,55.908,16.10,,
572,02/28/2023 07:36:26,25.62,55.884,16.18,,
573,02/28/2023 07:46:26,25.74,55.762,16.26,,
574,02/28/2023 07:56:26,25.84,55.640,16.31,,
575,02/28/2023 08:06:26,25.94,55.542,16.38,,
576,02/28/2023 08:16:26,26.04,55.469,16.45,,
577,02/28/2023 08:26:26,26.13,55.347,16.50,,
578,02/28/2023 08:36:26,26.23,55.273,16.57,,
579,02/28/2023 08:46:26,26.33,55.249,16.66,,
580,02/28/2023 08:56:26,26.40,55.176,16.70,,
581,02/28/2023 09:06:26,26.50,55.127,16.78,,
582,02/28/2023 09:16:26,26.57,55.078,16.83,,
583,02/28/2023 09:26:26,26.67,55.029,16.91,,
584,02/28/2023 09:36:26,26.74,55.029,16.98,,
585,02/28/2023 09:46:26,26.82,54.956,17.03,,
586,02/28/2023 09:56:26,26.89,54.956,17.10,,
587,02/28/2023 10:06:26,26.94,53.662,16.77,,
588,02/28/2023 10:16:26,27.01,53.760,16.86,,
589,02/28/2023 10:26:26,27.09,53.809,16.95,,
590,02/28/2023 10:36:26,27.14,53.833,17.00,,
591,02/28/2023 10:46:26,27.21,53.809,17.06,,
592,02/28/2023 10:56:26,27.28,53.833,17.13,,
593,02/28/2023 11:06:26,27.36,53.809,17.20,,
594,02/28/2023 11:16:26,27.43,53.809,17.26,,
595,02/28/2023 11:26:26,27.51,53.784,17.33,,
596,02/28/2023 11:36:26,27.55,53.760,17.36,,
597,02/28/2023 11:46:26,27.63,53.760,17.43,,
598,02/28/2023 11:56:26,27.70,53.711,17.48,,
599,02/28/2023 12:06:26,27.75,53.662,17.52,,
600,02/28/2023 12:16:26,27.80,53.662,17.56,,
601,02/28/2023 12:26:26,27.87,53.638,17.62,,
602,02/28/2023 12:36:26,27.92,53.589,17.65,,
603,02/28/2023 12:46:26,28.00,53.564,17.72,,
604,02/28/2023 12:56:26,28.05,53.516,17.75,,
605,02/28/2023 13:06:26,28.10,53.491,17.79,,
606,02/28/2023 13:16:26,28.15,53.467,17.83,,
607,02/28/2023 13:26:26,28.22,53.418,17.88,,
608,02/28/2023 13:36:26,28.27,53.394,17.92,,
609,02/28/2023 13:46:26,28.32,53.369,17.96,,
610,02/28/2023 13:56:26,28.37,53.320,17.99,,
611,02/28/2023 14:06:26,28.42,53.271,18.02,,
612,02/28/2023 14:16:26,28.47,53.223,18.05,,
613,02/28/2023 14:26:26,28.52,53.174,18.08,,
614,02/28/2023 14:36:26,28.52,51.294,17.51,,
615,02/28/2023 14:46:26,28.57,51.440,17.60,,
616,02/28/2023 14:56:26,28.62,51.538,17.68,,
617,02/28/2023 15:06:26,28.64,51.636,17.73,,
618,02/28/2023 15:16:26,28.69,51.685,17.79,,
619,02/28/2023 15:26:26,28.74,51.685,17.83,,
620,02/28/2023 15:36:26,28.79,51.758,17.90,,
621,02/28/2023 15:46:26,28.82,51.782,17.94,,
622,02/28/2023 15:56:26,28.87,51.782,17.98,,
623,02/28/2023 16:06:26,28.92,51.831,18.04,,
624,02/28/2023 16:16:26,28.97,51.831,18.09,,
625,02/28/2023 16:26:26,28.99,51.855,18.12,,
626,02/28/2023 16:36:26,29.04,51.855,18.16,,
627,02/28/2023 16:46:26,29.07,51.904,18.20,,
628,02/28/2023 16:56:26,29.11,51.904,18.24,,
629,02/28/2023 17:06:26,29.16,51.904,18.29,,
630,02/28/2023 17:16:26,29.19,51.929,18.32,,
631,02/28/2023 17:26:26,29.24,51.929,18.37,,
632,02/28/2023 17:36:26,29.26,51.953,18.39,,
633,02/28/2023 17:46:26,29.29,51.978,18.43,,
634,02/28/2023 17:56:26,29.34,52.002,18.48,,
635,02/28/2023 18:06:26,29.39,52.002,18.53,,
636,02/28/2023 18:16:26,29.41,51.978,18.54,,
637,02/28/2023 18:26:26,29.44,51.978,18.57,,
638,02/28/2023 18:36:26,29.46,52.002,18.59,,
639,02/28/2023 18:46:26,29.51,52.002,18.64,,
640,02/28/2023 18:56:26,29.54,52.002,18.67,,
641,02/28/2023 19:06:26,29.56,52.002,18.69,,
642,02/28/2023 19:16:26,29.59,52.026,18.72,,
643,02/28/2023 19:26:26,29.64,52.026,18.77,,
644,02/28/2023 19:36:26,29.66,52.002,18.78,,
645,02/28/2023 19:46:26,29.69,52.002,18.81,,
646,02/28/2023 19:56:26,29.71,52.051,18.84,,
647,02/28/2023 20:06:26,29.66,52.148,18.82,,
648,02/28/2023 20:16:26,29.54,52.490,18.82,,
649,02/28/2023 20:26:26,29.39,52.856,18.79,,
650,02/28/2023 20:36:26,29.26,53.223,18.78,,
651,02/28/2023 20:46:26,29.14,53.540,18.77,,
652,02/28/2023 20:56:26,29.04,53.857,18.77,,
653,02/28/2023 21:06:26,28.94,54.126,18.75,,
654,02/28/2023 21:16:26,28.84,54.370,18.73,,
655,02/28/2023 21:26:26,28.74,54.639,18.72,,
656,02/28/2023 21:36:26,28.67,54.858,18.72,,
657,02/28/2023 21:46:26,28.59,55.054,18.70,,
658,02/28/2023 21:56:26,28.52,55.298,18.71,,
659,02/28/2023 22:06:26,28.44,55.493,18.69,,
660,02/28/2023 22:16:26,28.37,55.688,18.68,,
661,02/28/2023 22:26:26,28.30,55.908,18.68,,
662,02/28/2023 22:36:26,28.22,56.128,18.67,,
663,02/28/2023 22:46:26,28.15,56.274,18.64,,
664,02/28/2023 22:56:26,28.07,56.445,18.62,,
665,02/28/2023 23:06:26,28.02,56.641,18.63,,
666,02/28/2023 23:16:26,27.95,56.836,18.62,,
667,02/28/2023 23:26:26,27.90,57.056,18.63,,
668,02/28/2023 23:36:26,27.85,57.178,18.62,,
669,02/28/2023 23:46:26,27.80,57.373,18.63,,
670,02/28/2023 23:56:26,27.73,57.520,18.60,,
671,03/01/2023 00:06:26,27.68,57.715,18.61,,
672,03/01/2023 00:16:26,27.63,57.861,18.60,,
673,03/01/2023 00:26:26,27.58,58.032,18.60,,
674,03/01/2023 00:36:26,27.53,58.203,18.60,,
675,03/01/2023 00:46:26,27.48,58.350,18.60,,
676,03/01/2023 00:56:26,27.43,58.496,18.59,,
677,03/01/2023 01:06:26,27.38,58.618,18.58,,
678,03/01/2023 01:16:26,27.33,58.789,18.58,,
679,03/01/2023 01:26:26,27.31,58.960,18.61,,
680,03/01/2023 01:36:26,27.26,59.131,18.61,,
681,03/01/2023 01:46:26,27.21,59.253,18.59,,
682,03/01/2023 01:56:26,27.16,59.375,18.58,,
683,03/01/2023 02:06:26,27.14,59.473,18.59,,
684,03/01/2023 02:16:26,27.09,59.521,18.55,,
685,03/01/2023 02:26:26,27.04,59.644,18.54,,
686,03/01/2023 02:36:26,27.01,59.741,18.54,,
687,03/01/2023 02:46:26,26.96,59.839,18.51,,
688,03/01/2023 02:56:26,26.92,59.961,18.51,,
689,03/01/2023 03:06:26,26.89,60.059,18.51,,
690,03/01/2023 03:16:26,26.84,60.156,18.49,,
691,03/01/2023 03:26:26,26.82,60.205,18.48,,
692,03/01/2023 03:36:26,26.77,60.303,18.46,,
693,03/01/2023 03:46:26,26.74,60.376,18.45,,
694,03/01/2023 03:56:26,26.70,60.498,18.45,,
695,03/01/2023 04:06:26,26.67,60.547,18.43,,
696,03/01/2023 04:16:26,26.62,60.596,18.40,,
697,03/01/2023 04:26:26,26.60,60.669,18.40,,
698,03/01/2023 04:36:26,26.57,60.767,18.39,,
699,03/01/2023 04:46:26,26.55,60.815,18.39,,
700,03/01/2023 04:56:26,26.50,60.913,18.37,,
701,03/01/2023 05:06:26,26.48,60.938,18.35,,
702,03/01/2023 05:16:26,26.43,61.035,18.33,,
703,03/01/2023 05:26:26,26.40,61.084,18.32,,
704,03/01/2023 05:36:26,26.38,61.157,18.32,,
705,03/01/2023 05:46:26,26.33,61.206,18.28,,
706,03/01/2023 05:56:26,26.30,61.255,18.27,,
707,03/01/2023 06:06:26,26.35,61.182,18.30,,
708,03/01/2023 06:16:26,26.50,60.815,18.34,,
709,03/01/2023 06:26:26,26.65,60.425,18.38,,
710,03/01/2023 06:36:26,26.77,60.059,18.39,,
711,03/01/2023 06:46:26,26.89,59.717,18.42,,
712,03/01/2023 06:56:26,26.99,59.448,18.44,,
713,03/01/2023 07:06:26,27.09,59.180,18.46,,
714,03/01/2023 07:16:26,27.19,58.936,18.49,,
715,03/01/2023 07:26:26,27.28,58.740,18.52,,
716,03/01/2023 07:36:26,27.36,58.521,18.53,,
717,03/01/2023 07:46:26,27.46,58.325,18.57,,
718,03/01/2023 07:56:26,27.53,58.105,18.58,,
719,03/01/2023 08:06:26,27.58,55.933,18.02,,
720,03/01/2023 08:16:26,27.63,55.200,17.85,,
721,03/01/2023 08:24:22,,,,Logged,Logged
